Index,Organization,Country,Description,Number_of_employees
1,Ferrell LLC,Papua New Guinea,Horizontal empowering knowledgebase,3498
2,Mckinney,Finland,User-centric system-worthy leverages,4952
3,Mcintosh-More,Heard Island,Centralized attitude-oriented capability,4389
4,Floyd Ltd,Malvinas,Function-based fault-tolerant concept,2911
5,Kidd Group,Bouvet,Proactive foreground paradigm,7473
6,Henry-Thompson,Bahamas,Face-to-face well-modulated customer loyalty,4914
7,Hester Ltd,China,Switchable scalable moratorium,1971
8,Mayer Group,Mauritius,Synchronized needs-based challenge,7870
9,Jenkins Inc,South Africa,Front-line systematic help-desk,1215
10,Walls LLC,Cape,Self-enabling fresh-thinking installation,1678